Order Date,Day Number of Year,English Month Name,Is Weekend,Month Number of Year,Name of Week,Week Number of Year,Year Month
2022-01-01,1,January,True,1,Saturday,52,2022-01
2022-01-02,2,January,True,1,Sunday,52,2022-01
2022-01-03,3,January,False,1,Monday,1,2022-01
2022-01-04,4,January,False,1,Tuesday,1,2022-01
2022-01-05,5,January,False,1,Wednesday,1,2022-01
2022-01-06,6,January,False,1,Thursday,1,2022-01
2022-01-07,7,January,False,1,Friday,1,2022-01
2022-01-08,8,January,True,1,Saturday,1,2022-01
2022-01-09,9,January,True,1,Sunday,1,2022-01
2022-01-10,10,January,False,1,Monday,2,2022-01
2022-01-11,11,January,False,1,Tuesday,2,2022-01
2022-01-12,12,January,False,1,Wednesday,2,2022-01
2022-01-13,13,January,False,1,Thursday,2,2022-01
2022-01-14,14,January,False,1,Friday,2,2022-01
2022-01-15,15,January,True,1,Saturday,2,2022-01
2022-01-16,16,January,True,1,Sunday,2,2022-01
2022-01-17,17,January,False,1,Monday,3,2022-01
2022-01-18,18,January,False,1,Tuesday,3,2022-01
2022-01-19,19,January,False,1,Wednesday,3,2022-01
2022-01-20,20,January,False,1,Thursday,3,2022-01
2022-01-21,21,January,False,1,Friday,3,2022-01
2022-01-22,22,January,True,1,Saturday,3,2022-01
2022-01-23,23,January,True,1,Sunday,3,2022-01
2022-01-24,24,January,False,1,Monday,4,2022-01
2022-01-25,25,January,False,1,Tuesday,4,2022-01
2022-01-26,26,January,False,1,Wednesday,4,2022-01
2022-01-27,27,January,False,1,Thursday,4,2022-01
2022-01-28,28,January,False,1,Friday,4,2022-01
2022-01-29,29,January,True,1,Saturday,4,2022-01
2022-01-30,30,January,True,1,Sunday,4,2022-01
2022-01-31,31,January,False,1,Monday,5,2022-01
2022-02-01,32,February,False,2,Tuesday,5,2022-02
2022-02-02,33,February,False,2,Wednesday,5,2022-02
2022-02-03,34,February,False,2,Thursday,5,2022-02
2022-02-04,35,February,False,2,Friday,5,2022-02
2022-02-05,36,February,True,2,Saturday,5,2022-02
2022-02-06,37,February,True,2,Sunday,5,2022-02
2022-02-07,38,February,False,2,Monday,6,2022-02
2022-02-08,39,February,False,2,Tuesday,6,2022-02
2022-02-09,40,February,False,2,Wednesday,6,2022-02
2022-02-10,41,February,False,2,Thursday,6,2022-02
2022-02-11,42,February,False,2,Friday,6,2022-02
2022-02-12,43,February,True,2,Saturday,6,2022-02
2022-02-13,44,February,True,2,Sunday,6,2022-02
2022-02-14,45,February,False,2,Monday,7,2022-02
2022-02-15,46,February,False,2,Tuesday,7,2022-02
2022-02-16,47,February,False,2,Wednesday,7,2022-02
2022-02-17,48,February,False,2,Thursday,7,2022-02
2022-02-18,49,February,False,2,Friday,7,2022-02
2022-02-19,50,February,True,2,Saturday,7,2022-02
2022-02-20,51,February,True,2,Sunday,7,2022-02
2022-02-21,52,February,False,2,Monday,8,2022-02
2022-02-22,53,February,False,2,Tuesday,8,2022-02
2022-02-23,54,February,False,2,Wednesday,8,2022-02
2022-02-24,55,February,False,2,Thursday,8,2022-02
2022-02-25,56,February,False,2,Friday,8,2022-02
2022-02-26,57,February,True,2,Saturday,8,2022-02
2022-02-27,58,February,True,2,Sunday,8,2022-02
2022-02-28,59,February,False,2,Monday,9,2022-02
2022-03-01,60,March,False,3,Tuesday,9,2022-03
2022-03-02,61,March,False,3,Wednesday,9,2022-03
2022-03-03,62,March,False,3,Thursday,9,2022-03
2022-03-04,63,March,False,3,Friday,9,2022-03
2022-03-05,64,March,True,3,Saturday,9,2022-03
2022-03-06,65,March,True,3,Sunday,9,2022-03
2022-03-07,66,March,False,3,Monday,10,2022-03
2022-03-08,67,March,False,3,Tuesday,10,2022-03
2022-03-09,68,March,False,3,Wednesday,10,2022-03
2022-03-10,69,March,False,3,Thursday,10,2022-03
2022-03-11,70,March,False,3,Friday,10,2022-03
2022-03-12,71,March,True,3,Saturday,10,2022-03
2022-03-13,72,March,True,3,Sunday,10,2022-03
2022-03-14,73,March,False,3,Monday,11,2022-03
2022-03-15,74,March,False,3,Tuesday,11,2022-03
2022-03-16,75,March,False,3,Wednesday,11,2022-03
2022-03-17,76,March,False,3,Thursday,11,2022-03
2022-03-18,77,March,False,3,Friday,11,2022-03
2022-03-19,78,March,True,3,Saturday,11,2022-03
2022-03-20,79,March,True,3,Sunday,11,2022-03
2022-03-21,80,March,False,3,Monday,12,2022-03
2022-03-22,81,March,False,3,Tuesday,12,2022-03
2022-03-23,82,March,False,3,Wednesday,12,2022-03
2022-03-24,83,March,False,3,Thursday,12,2022-03
2022-03-25,84,March,False,3,Friday,12,2022-03
2022-03-26,85,March,True,3,Saturday,12,2022-03
2022-03-27,86,March,True,3,Sunday,12,2022-03
2022-03-28,87,March,False,3,Monday,13,2022-03
2022-03-29,88,March,False,3,Tuesday,13,2022-03
2022-03-30,89,March,False,3,Wednesday,13,2022-03
2022-03-31,90,March,False,3,Thursday,13,2022-03
2022-04-01,91,April,False,4,Friday,13,2022-04
2022-04-02,92,April,True,4,Saturday,13,2022-04
2022-04-03,93,April,True,4,Sunday,13,2022-04
2022-04-04,94,April,False,4,Monday,14,2022-04
2022-04-05,95,April,False,4,Tuesday,14,2022-04
2022-04-06,96,April,False,4,Wednesday,14,2022-04
2022-04-07,97,April,False,4,Thursday,14,2022-04
2022-04-08,98,April,False,4,Friday,14,2022-04
2022-04-09,99,April,True,4,Saturday,14,2022-04
2022-04-10,100,April,True,4,Sunday,14,2022-04
2022-04-11,101,April,False,4,Monday,15,2022-04
2022-04-12,102,April,False,4,Tuesday,15,2022-04
2022-04-13,103,April,False,4,Wednesday,15,2022-04
2022-04-14,104,April,False,4,Thursday,15,2022-04
2022-04-15,105,April,False,4,Friday,15,2022-04
2022-04-16,106,April,True,4,Saturday,15,2022-04
2022-04-17,107,April,True,4,Sunday,15,2022-04
2022-04-18,108,April,False,4,Monday,16,2022-04
2022-04-19,109,April,False,4,Tuesday,16,2022-04
2022-04-20,110,April,False,4,Wednesday,16,2022-04
2022-04-21,111,April,False,4,Thursday,16,2022-04
2022-04-22,112,April,False,4,Friday,16,2022-04
2022-04-23,113,April,True,4,Saturday,16,2022-04
2022-04-24,114,April,True,4,Sunday,16,2022-04
2022-04-25,115,April,False,4,Monday,17,2022-04
2022-04-26,116,April,False,4,Tuesday,17,2022-04
2022-04-27,117,April,False,4,Wednesday,17,2022-04
2022-04-28,118,April,False,4,Thursday,17,2022-04
2022-04-29,119,April,False,4,Friday,17,2022-04
2022-04-30,120,April,True,4,Saturday,17,2022-04
2022-05-01,121,May,True,5,Sunday,17,2022-05
2022-05-02,122,May,False,5,Monday,18,2022-05
2022-05-03,123,May,False,5,Tuesday,18,2022-05
2022-05-04,124,May,False,5,Wednesday,18,2022-05
2022-05-05,125,May,False,5,Thursday,18,2022-05
2022-05-06,126,May,False,5,Friday,18,2022-05
2022-05-07,127,May,True,5,Saturday,18,2022-05
2022-05-08,128,May,True,5,Sunday,18,2022-05
2022-05-09,129,May,False,5,Monday,19,2022-05
2022-05-10,130,May,False,5,Tuesday,19,2022-05
2022-05-11,131,May,False,5,Wednesday,19,2022-05
2022-05-12,132,May,False,5,Thursday,19,2022-05
2022-05-13,133,May,False,5,Friday,19,2022-05
2022-05-14,134,May,True,5,Saturday,19,2022-05
2022-05-15,135,May,True,5,Sunday,19,2022-05
2022-05-16,136,May,False,5,Monday,20,2022-05
2022-05-17,137,May,False,5,Tuesday,20,2022-05
2022-05-18,138,May,False,5,Wednesday,20,2022-05
2022-05-19,139,May,False,5,Thursday,20,2022-05
2022-05-20,140,May,False,5,Friday,20,2022-05
2022-05-21,141,May,True,5,Saturday,20,2022-05
2022-05-22,142,May,True,5,Sunday,20,2022-05
2022-05-23,143,May,False,5,Monday,21,2022-05
2022-05-24,144,May,False,5,Tuesday,21,2022-05
2022-05-25,145,May,False,5,Wednesday,21,2022-05
2022-05-26,146,May,False,5,Thursday,21,2022-05
2022-05-27,147,May,False,5,Friday,21,2022-05
2022-05-28,148,May,True,5,Saturday,21,2022-05
2022-05-29,149,May,True,5,Sunday,21,2022-05
2022-05-30,150,May,False,5,Monday,22,2022-05
2022-05-31,151,May,False,5,Tuesday,22,2022-05
2022-06-01,152,June,False,6,Wednesday,22,2022-06
2022-06-02,153,June,False,6,Thursday,22,2022-06
2022-06-03,154,June,False,6,Friday,22,2022-06
2022-06-04,155,June,True,6,Saturday,22,2022-06
2022-06-05,156,June,True,6,Sunday,22,2022-06
2022-06-06,157,June,False,6,Monday,23,2022-06
2022-06-07,158,June,False,6,Tuesday,23,2022-06
2022-06-08,159,June,False,6,Wednesday,23,2022-06
2022-06-09,160,June,False,6,Thursday,23,2022-06
2022-06-10,161,June,False,6,Friday,23,2022-06
2022-06-11,162,June,True,6,Saturday,23,2022-06
2022-06-12,163,June,True,6,Sunday,23,2022-06
2022-06-13,164,June,False,6,Monday,24,2022-06
2022-06-14,165,June,False,6,Tuesday,24,2022-06
2022-06-15,166,June,False,6,Wednesday,24,2022-06
2022-06-16,167,June,False,6,Thursday,24,2022-06
2022-06-17,168,June,False,6,Friday,24,2022-06
2022-06-18,169,June,True,6,Saturday,24,2022-06
2022-06-19,170,June,True,6,Sunday,24,2022-06
2022-06-20,171,June,False,6,Monday,25,2022-06
2022-06-21,172,June,False,6,Tuesday,25,2022-06
2022-06-22,173,June,False,6,Wednesday,25,2022-06
2022-06-23,174,June,False,6,Thursday,25,2022-06
2022-06-24,175,June,False,6,Friday,25,2022-06
2022-06-25,176,June,True,6,Saturday,25,2022-06
2022-06-26,177,June,True,6,Sunday,25,2022-06
2022-06-27,178,June,False,6,Monday,26,2022-06
2022-06-28,179,June,False,6,Tuesday,26,2022-06
2022-06-29,180,June,False,6,Wednesday,26,2022-06
2022-06-30,181,June,False,6,Thursday,26,2022-06
2022-07-01,182,July,False,7,Friday,26,2022-07
2022-07-02,183,July,True,7,Saturday,26,2022-07
2022-07-03,184,July,True,7,Sunday,26,2022-07
2022-07-04,185,July,False,7,Monday,27,2022-07
2022-07-05,186,July,False,7,Tuesday,27,2022-07
2022-07-06,187,July,False,7,Wednesday,27,2022-07
2022-07-07,188,July,False,7,Thursday,27,2022-07
2022-07-08,189,July,False,7,Friday,27,2022-07
2022-07-09,190,July,True,7,Saturday,27,2022-07
2022-07-10,191,July,True,7,Sunday,27,2022-07
2022-07-11,192,July,False,7,Monday,28,2022-07
2022-07-12,193,July,False,7,Tuesday,28,2022-07
2022-07-13,194,July,False,7,Wednesday,28,2022-07
2022-07-14,195,July,False,7,Thursday,28,2022-07
2022-07-15,196,July,False,7,Friday,28,2022-07
2022-07-16,197,July,True,7,Saturday,28,2022-07
2022-07-17,198,July,True,7,Sunday,28,2022-07
2022-07-18,199,July,False,7,Monday,29,2022-07
2022-07-19,200,July,False,7,Tuesday,29,2022-07
2022-07-20,201,July,False,7,Wednesday,29,2022-07
2022-07-21,202,July,False,7,Thursday,29,2022-07
2022-07-22,203,July,False,7,Friday,29,2022-07
2022-07-23,204,July,True,7,Saturday,29,2022-07
2022-07-24,205,July,True,7,Sunday,29,2022-07
2022-07-25,206,July,False,7,Monday,30,2022-07
2022-07-26,207,July,False,7,Tuesday,30,2022-07
2022-07-27,208,July,False,7,Wednesday,30,2022-07
2022-07-28,209,July,False,7,Thursday,30,2022-07
2022-07-29,210,July,False,7,Friday,30,2022-07
2022-07-30,211,July,True,7,Saturday,30,2022-07
2022-07-31,212,July,True,7,Sunday,30,2022-07
2022-08-01,213,August,False,8,Monday,31,2022-08
2022-08-02,214,August,False,8,Tuesday,31,2022-08
2022-08-03,215,August,False,8,Wednesday,31,2022-08
2022-08-04,216,August,False,8,Thursday,31,2022-08
2022-08-05,217,August,False,8,Friday,31,2022-08
2022-08-06,218,August,True,8,Saturday,31,2022-08
2022-08-07,219,August,True,8,Sunday,31,2022-08
2022-08-08,220,August,False,8,Monday,32,2022-08
2022-08-09,221,August,False,8,Tuesday,32,2022-08
2022-08-10,222,August,False,8,Wednesday,32,2022-08
2022-08-11,223,August,False,8,Thursday,32,2022-08
2022-08-12,224,August,False,8,Friday,32,2022-08
2022-08-13,225,August,True,8,Saturday,32,2022-08
2022-08-14,226,August,True,8,Sunday,32,2022-08
2022-08-15,227,August,False,8,Monday,33,2022-08
2022-08-16,228,August,False,8,Tuesday,33,2022-08
2022-08-17,229,August,False,8,Wednesday,33,2022-08
2022-08-18,230,August,False,8,Thursday,33,2022-08
2022-08-19,231,August,False,8,Friday,33,2022-08
2022-08-20,232,August,True,8,Saturday,33,2022-08
2022-08-21,233,August,True,8,Sunday,33,2022-08
2022-08-22,234,August,False,8,Monday,34,2022-08
2022-08-23,235,August,False,8,Tuesday,34,2022-08
2022-08-24,236,August,False,8,Wednesday,34,2022-08
2022-08-25,237,August,False,8,Thursday,34,2022-08
2022-08-26,238,August,False,8,Friday,34,2022-08
2022-08-27,239,August,True,8,Saturday,34,2022-08
2022-08-28,240,August,True,8,Sunday,34,2022-08
2022-08-29,241,August,False,8,Monday,35,2022-08
2022-08-30,242,August,False,8,Tuesday,35,2022-08
2022-08-31,243,August,False,8,Wednesday,35,2022-08
2022-09-01,244,September,False,9,Thursday,35,2022-09
2022-09-02,245,September,False,9,Friday,35,2022-09
2022-09-03,246,September,True,9,Saturday,35,2022-09
2022-09-04,247,September,True,9,Sunday,35,2022-09
2022-09-05,248,September,False,9,Monday,36,2022-09
2022-09-06,249,September,False,9,Tuesday,36,2022-09
2022-09-07,250,September,False,9,Wednesday,36,2022-09
2022-09-08,251,September,False,9,Thursday,36,2022-09
2022-09-09,252,September,False,9,Friday,36,2022-09
2022-09-10,253,September,True,9,Saturday,36,2022-09
2022-09-11,254,September,True,9,Sunday,36,2022-09
2022-09-12,255,September,False,9,Monday,37,2022-09
2022-09-13,256,September,False,9,Tuesday,37,2022-09
2022-09-14,257,September,False,9,Wednesday,37,2022-09
2022-09-15,258,September,False,9,Thursday,37,2022-09
2022-09-16,259,September,False,9,Friday,37,2022-09
2022-09-17,260,September,True,9,Saturday,37,2022-09
2022-09-18,261,September,True,9,Sunday,37,2022-09
2022-09-19,262,September,False,9,Monday,38,2022-09
2022-09-20,263,September,False,9,Tuesday,38,2022-09
2022-09-21,264,September,False,9,Wednesday,38,2022-09
2022-09-22,265,September,False,9,Thursday,38,2022-09
2022-09-23,266,September,False,9,Friday,38,2022-09
2022-09-24,267,September,True,9,Saturday,38,2022-09
2022-09-25,268,September,True,9,Sunday,38,2022-09
2022-09-26,269,September,False,9,Monday,39,2022-09
2022-09-27,270,September,False,9,Tuesday,39,2022-09
2022-09-28,271,September,False,9,Wednesday,39,2022-09
2022-09-29,272,September,False,9,Thursday,39,2022-09
2022-09-30,273,September,False,9,Friday,39,2022-09
2022-10-01,274,October,True,10,Saturday,39,2022-10
2022-10-02,275,October,True,10,Sunday,39,2022-10
2022-10-03,276,October,False,10,Monday,40,2022-10
2022-10-04,277,October,False,10,Tuesday,40,2022-10
2022-10-05,278,October,False,10,Wednesday,40,2022-10
2022-10-06,279,October,False,10,Thursday,40,2022-10
2022-10-07,280,October,False,10,Friday,40,2022-10
2022-10-08,281,October,True,10,Saturday,40,2022-10
2022-10-09,282,October,True,10,Sunday,40,2022-10
2022-10-10,283,October,False,10,Monday,41,2022-10
2022-10-11,284,October,False,10,Tuesday,41,2022-10
2022-10-12,285,October,False,10,Wednesday,41,2022-10
2022-10-13,286,October,False,10,Thursday,41,2022-10
2022-10-14,287,October,False,10,Friday,41,2022-10
2022-10-15,288,October,True,10,Saturday,41,2022-10
2022-10-16,289,October,True,10,Sunday,41,2022-10
2022-10-17,290,October,False,10,Monday,42,2022-10
2022-10-18,291,October,False,10,Tuesday,42,2022-10
2022-10-19,292,October,False,10,Wednesday,42,2022-10
2022-10-20,293,October,False,10,Thursday,42,2022-10
2022-10-21,294,October,False,10,Friday,42,2022-10
2022-10-22,295,October,True,10,Saturday,42,2022-10
2022-10-23,296,October,True,10,Sunday,42,2022-10
2022-10-24,297,October,False,10,Monday,43,2022-10
2022-10-25,298,October,False,10,Tuesday,43,2022-10
2022-10-26,299,October,False,10,Wednesday,43,2022-10
2022-10-27,300,October,False,10,Thursday,43,2022-10
2022-10-28,301,October,False,10,Friday,43,2022-10
2022-10-29,302,October,True,10,Saturday,43,2022-10
2022-10-30,303,October,True,10,Sunday,43,2022-10
2022-10-31,304,October,False,10,Monday,44,2022-10
2022-11-01,305,November,False,11,Tuesday,44,2022-11
2022-11-02,306,November,False,11,Wednesday,44,2022-11
2022-11-03,307,November,False,11,Thursday,44,2022-11
2022-11-04,308,November,False,11,Friday,44,2022-11
2022-11-05,309,November,True,11,Saturday,44,2022-11
2022-11-06,310,November,True,11,Sunday,44,2022-11
2022-11-07,311,November,False,11,Monday,45,2022-11
2022-11-08,312,November,False,11,Tuesday,45,2022-11
2022-11-09,313,November,False,11,Wednesday,45,2022-11
2022-11-10,314,November,False,11,Thursday,45,2022-11
2022-11-11,315,November,False,11,Friday,45,2022-11
2022-11-12,316,November,True,11,Saturday,45,2022-11
2022-11-13,317,November,True,11,Sunday,45,2022-11
2022-11-14,318,November,False,11,Monday,46,2022-11
2022-11-15,319,November,False,11,Tuesday,46,2022-11
2022-11-16,320,November,False,11,Wednesday,46,2022-11
2022-11-17,321,November,False,11,Thursday,46,2022-11
2022-11-18,322,November,False,11,Friday,46,2022-11
2022-11-19,323,November,True,11,Saturday,46,2022-11
2022-11-20,324,November,True,11,Sunday,46,2022-11
2022-11-21,325,November,False,11,Monday,47,2022-11
2022-11-22,326,November,False,11,Tuesday,47,2022-11
2022-11-23,327,November,False,11,Wednesday,47,2022-11
2022-11-24,328,November,False,11,Thursday,47,2022-11
2022-11-25,329,November,False,11,Friday,47,2022-11
2022-11-26,330,November,True,11,Saturday,47,2022-11
2022-11-27,331,November,True,11,Sunday,47,2022-11
2022-11-28,332,November,False,11,Monday,48,2022-11
2022-11-29,333,November,False,11,Tuesday,48,2022-11
2022-11-30,334,November,False,11,Wednesday,48,2022-11
2022-12-01,335,December,False,12,Thursday,48,2022-12
2022-12-02,336,December,False,12,Friday,48,2022-12
2022-12-03,337,December,True,12,Saturday,48,2022-12
2022-12-04,338,December,True,12,Sunday,48,2022-12
2022-12-05,339,December,False,12,Monday,49,2022-12
2022-12-06,340,December,False,12,Tuesday,49,2022-12
2022-12-07,341,December,False,12,Wednesday,49,2022-12
2022-12-08,342,December,False,12,Thursday,49,2022-12
2022-12-09,343,December,False,12,Friday,49,2022-12
2022-12-10,344,December,True,12,Saturday,49,2022-12
2022-12-11,345,December,True,12,Sunday,49,2022-12
2022-12-12,346,December,False,12,Monday,50,2022-12
2022-12-13,347,December,False,12,Tuesday,50,2022-12
2022-12-14,348,December,False,12,Wednesday,50,2022-12
2022-12-15,349,December,False,12,Thursday,50,2022-12
2022-12-16,350,December,False,12,Friday,50,2022-12
2022-12-17,351,December,True,12,Saturday,50,2022-12
2022-12-18,352,December,True,12,Sunday,50,2022-12
2022-12-19,353,December,False,12,Monday,51,2022-12
2022-12-20,354,December,False,12,Tuesday,51,2022-12
2022-12-21,355,December,False,12,Wednesday,51,2022-12
2022-12-22,356,December,False,12,Thursday,51,2022-12
2022-12-23,357,December,False,12,Friday,51,2022-12
2022-12-24,358,December,True,12,Saturday,51,2022-12
2022-12-25,359,December,True,12,Sunday,51,2022-12
2022-12-26,360,December,False,12,Monday,52,2022-12
2022-12-27,361,December,False,12,Tuesday,52,2022-12
2022-12-28,362,December,False,12,Wednesday,52,2022-12
2022-12-29,363,December,False,12,Thursday,52,2022-12
2022-12-30,364,December,False,12,Friday,52,2022-12
2022-12-31,365,December,True,12,Saturday,52,2022-12
2023-01-01,1,January,True,1,Sunday,52,2023-01
2023-01-02,2,January,False,1,Monday,1,2023-01
2023-01-03,3,January,False,1,Tuesday,1,2023-01
2023-01-04,4,January,False,1,Wednesday,1,2023-01
2023-01-05,5,January,False,1,Thursday,1,2023-01
2023-01-06,6,January,False,1,Friday,1,2023-01
2023-01-07,7,January,True,1,Saturday,1,2023-01
2023-01-08,8,January,True,1,Sunday,1,2023-01
2023-01-09,9,January,False,1,Monday,2,2023-01
2023-01-10,10,January,False,1,Tuesday,2,2023-01
2023-01-11,11,January,False,1,Wednesday,2,2023-01
2023-01-12,12,January,False,1,Thursday,2,2023-01
2023-01-13,13,January,False,1,Friday,2,2023-01
2023-01-14,14,January,True,1,Saturday,2,2023-01
2023-01-15,15,January,True,1,Sunday,2,2023-01
2023-01-16,16,January,False,1,Monday,3,2023-01
2023-01-17,17,January,False,1,Tuesday,3,2023-01
2023-01-18,18,January,False,1,Wednesday,3,2023-01
2023-01-19,19,January,False,1,Thursday,3,2023-01
2023-01-20,20,January,False,1,Friday,3,2023-01
2023-01-21,21,January,True,1,Saturday,3,2023-01
2023-01-22,22,January,True,1,Sunday,3,2023-01
2023-01-23,23,January,False,1,Monday,4,2023-01
2023-01-24,24,January,False,1,Tuesday,4,2023-01
2023-01-25,25,January,False,1,Wednesday,4,2023-01
2023-01-26,26,January,False,1,Thursday,4,2023-01
2023-01-27,27,January,False,1,Friday,4,2023-01
2023-01-28,28,January,True,1,Saturday,4,2023-01
2023-01-29,29,January,True,1,Sunday,4,2023-01
2023-01-30,30,January,False,1,Monday,5,2023-01
2023-01-31,31,January,False,1,Tuesday,5,2023-01
2023-02-01,32,February,False,2,Wednesday,5,2023-02
2023-02-02,33,February,False,2,Thursday,5,2023-02
2023-02-03,34,February,False,2,Friday,5,2023-02
2023-02-04,35,February,True,2,Saturday,5,2023-02
2023-02-05,36,February,True,2,Sunday,5,2023-02
2023-02-06,37,February,False,2,Monday,6,2023-02
2023-02-07,38,February,False,2,Tuesday,6,2023-02
2023-02-08,39,February,False,2,Wednesday,6,2023-02
2023-02-09,40,February,False,2,Thursday,6,2023-02
2023-02-10,41,February,False,2,Friday,6,2023-02
2023-02-11,42,February,True,2,Saturday,6,2023-02
2023-02-12,43,February,True,2,Sunday,6,2023-02
2023-02-13,44,February,False,2,Monday,7,2023-02
2023-02-14,45,February,False,2,Tuesday,7,2023-02
2023-02-15,46,February,False,2,Wednesday,7,2023-02
2023-02-16,47,February,False,2,Thursday,7,2023-02
2023-02-17,48,February,False,2,Friday,7,2023-02
2023-02-18,49,February,True,2,Saturday,7,2023-02
2023-02-19,50,February,True,2,Sunday,7,2023-02
2023-02-20,51,February,False,2,Monday,8,2023-02
2023-02-21,52,February,False,2,Tuesday,8,2023-02
2023-02-22,53,February,False,2,Wednesday,8,2023-02
2023-02-23,54,February,False,2,Thursday,8,2023-02
2023-02-24,55,February,False,2,Friday,8,2023-02
2023-02-25,56,February,True,2,Saturday,8,2023-02
2023-02-26,57,February,True,2,Sunday,8,2023-02
2023-02-27,58,February,False,2,Monday,9,2023-02
2023-02-28,59,February,False,2,Tuesday,9,2023-02
2023-03-01,60,March,False,3,Wednesday,9,2023-03
2023-03-02,61,March,False,3,Thursday,9,2023-03
2023-03-03,62,March,False,3,Friday,9,2023-03
2023-03-04,63,March,True,3,Saturday,9,2023-03
2023-03-05,64,March,True,3,Sunday,9,2023-03
2023-03-06,65,March,False,3,Monday,10,2023-03
2023-03-07,66,March,False,3,Tuesday,10,2023-03
2023-03-08,67,March,False,3,Wednesday,10,2023-03
2023-03-09,68,March,False,3,Thursday,10,2023-03
2023-03-10,69,March,False,3,Friday,10,2023-03
2023-03-11,70,March,True,3,Saturday,10,2023-03
2023-03-12,71,March,True,3,Sunday,10,2023-03
2023-03-13,72,March,False,3,Monday,11,2023-03
2023-03-14,73,March,False,3,Tuesday,11,2023-03
2023-03-15,74,March,False,3,Wednesday,11,2023-03
2023-03-16,75,March,False,3,Thursday,11,2023-03
2023-03-17,76,March,False,3,Friday,11,2023-03
2023-03-18,77,March,True,3,Saturday,11,2023-03
2023-03-19,78,March,True,3,Sunday,11,2023-03
2023-03-20,79,March,False,3,Monday,12,2023-03
2023-03-21,80,March,False,3,Tuesday,12,2023-03
2023-03-22,81,March,False,3,Wednesday,12,2023-03
2023-03-23,82,March,False,3,Thursday,12,2023-03
2023-03-24,83,March,False,3,Friday,12,2023-03
2023-03-25,84,March,True,3,Saturday,12,2023-03
2023-03-26,85,March,True,3,Sunday,12,2023-03
2023-03-27,86,March,False,3,Monday,13,2023-03
2023-03-28,87,March,False,3,Tuesday,13,2023-03
2023-03-29,88,March,False,3,Wednesday,13,2023-03
2023-03-30,89,March,False,3,Thursday,13,2023-03
2023-03-31,90,March,False,3,Friday,13,2023-03
2023-04-01,91,April,True,4,Saturday,13,2023-04
2023-04-02,92,April,True,4,Sunday,13,2023-04
2023-04-03,93,April,False,4,Monday,14,2023-04
2023-04-04,94,April,False,4,Tuesday,14,2023-04
2023-04-05,95,April,False,4,Wednesday,14,2023-04
2023-04-06,96,April,False,4,Thursday,14,2023-04
2023-04-07,97,April,False,4,Friday,14,2023-04
2023-04-08,98,April,True,4,Saturday,14,2023-04
2023-04-09,99,April,True,4,Sunday,14,2023-04
2023-04-10,100,April,False,4,Monday,15,2023-04
2023-04-11,101,April,False,4,Tuesday,15,2023-04
2023-04-12,102,April,False,4,Wednesday,15,2023-04
2023-04-13,103,April,False,4,Thursday,15,2023-04
2023-04-14,104,April,False,4,Friday,15,2023-04
2023-04-15,105,April,True,4,Saturday,15,2023-04
2023-04-16,106,April,True,4,Sunday,15,2023-04
2023-04-17,107,April,False,4,Monday,16,2023-04
2023-04-18,108,April,False,4,Tuesday,16,2023-04
2023-04-19,109,April,False,4,Wednesday,16,2023-04
2023-04-20,110,April,False,4,Thursday,16,2023-04
2023-04-21,111,April,False,4,Friday,16,2023-04
2023-04-22,112,April,True,4,Saturday,16,2023-04
2023-04-23,113,April,True,4,Sunday,16,2023-04
2023-04-24,114,April,False,4,Monday,17,2023-04
2023-04-25,115,April,False,4,Tuesday,17,2023-04
2023-04-26,116,April,False,4,Wednesday,17,2023-04
2023-04-27,117,April,False,4,Thursday,17,2023-04
2023-04-28,118,April,False,4,Friday,17,2023-04
2023-04-29,119,April,True,4,Saturday,17,2023-04
2023-04-30,120,April,True,4,Sunday,17,2023-04
2023-05-01,121,May,False,5,Monday,18,2023-05
2023-05-02,122,May,False,5,Tuesday,18,2023-05
2023-05-03,123,May,False,5,Wednesday,18,2023-05
2023-05-04,124,May,False,5,Thursday,18,2023-05
2023-05-05,125,May,False,5,Friday,18,2023-05
2023-05-06,126,May,True,5,Saturday,18,2023-05
2023-05-07,127,May,True,5,Sunday,18,2023-05
2023-05-08,128,May,False,5,Monday,19,2023-05
2023-05-09,129,May,False,5,Tuesday,19,2023-05
2023-05-10,130,May,False,5,Wednesday,19,2023-05
2023-05-11,131,May,False,5,Thursday,19,2023-05
2023-05-12,132,May,False,5,Friday,19,2023-05
2023-05-13,133,May,True,5,Saturday,19,2023-05
2023-05-14,134,May,True,5,Sunday,19,2023-05
2023-05-15,135,May,False,5,Monday,20,2023-05
2023-05-16,136,May,False,5,Tuesday,20,2023-05
2023-05-17,137,May,False,5,Wednesday,20,2023-05
2023-05-18,138,May,False,5,Thursday,20,2023-05
2023-05-19,139,May,False,5,Friday,20,2023-05
2023-05-20,140,May,True,5,Saturday,20,2023-05
2023-05-21,141,May,True,5,Sunday,20,2023-05
2023-05-22,142,May,False,5,Monday,21,2023-05
2023-05-23,143,May,False,5,Tuesday,21,2023-05
2023-05-24,144,May,False,5,Wednesday,21,2023-05
2023-05-25,145,May,False,5,Thursday,21,2023-05
2023-05-26,146,May,False,5,Friday,21,2023-05
2023-05-27,147,May,True,5,Saturday,21,2023-05
2023-05-28,148,May,True,5,Sunday,21,2023-05
2023-05-29,149,May,False,5,Monday,22,2023-05
2023-05-30,150,May,False,5,Tuesday,22,2023-05
2023-05-31,151,May,False,5,Wednesday,22,2023-05
2023-06-01,152,June,False,6,Thursday,22,2023-06
2023-06-02,153,June,False,6,Friday,22,2023-06
2023-06-03,154,June,True,6,Saturday,22,2023-06
2023-06-04,155,June,True,6,Sunday,22,2023-06
2023-06-05,156,June,False,6,Monday,23,2023-06
2023-06-06,157,June,False,6,Tuesday,23,2023-06
2023-06-07,158,June,False,6,Wednesday,23,2023-06
2023-06-08,159,June,False,6,Thursday,23,2023-06
2023-06-09,160,June,False,6,Friday,23,2023-06
2023-06-10,161,June,True,6,Saturday,23,2023-06
2023-06-11,162,June,True,6,Sunday,23,2023-06
2023-06-12,163,June,False,6,Monday,24,2023-06
2023-06-13,164,June,False,6,Tuesday,24,2023-06
2023-06-14,165,June,False,6,Wednesday,24,2023-06
2023-06-15,166,June,False,6,Thursday,24,2023-06
2023-06-16,167,June,False,6,Friday,24,2023-06
2023-06-17,168,June,True,6,Saturday,24,2023-06
2023-06-18,169,June,True,6,Sunday,24,2023-06
2023-06-19,170,June,False,6,Monday,25,2023-06
2023-06-20,171,June,False,6,Tuesday,25,2023-06
2023-06-21,172,June,False,6,Wednesday,25,2023-06
2023-06-22,173,June,False,6,Thursday,25,2023-06
2023-06-23,174,June,False,6,Friday,25,2023-06
2023-06-24,175,June,True,6,Saturday,25,2023-06
2023-06-25,176,June,True,6,Sunday,25,2023-06
2023-06-26,177,June,False,6,Monday,26,2023-06
2023-06-27,178,June,False,6,Tuesday,26,2023-06
2023-06-28,179,June,False,6,Wednesday,26,2023-06
2023-06-29,180,June,False,6,Thursday,26,2023-06
2023-06-30,181,June,False,6,Friday,26,2023-06
2023-07-01,182,July,True,7,Saturday,26,2023-07
2023-07-02,183,July,True,7,Sunday,26,2023-07
2023-07-03,184,July,False,7,Monday,27,2023-07
2023-07-04,185,July,False,7,Tuesday,27,2023-07
2023-07-05,186,July,False,7,Wednesday,27,2023-07
2023-07-06,187,July,False,7,Thursday,27,2023-07
2023-07-07,188,July,False,7,Friday,27,2023-07
2023-07-08,189,July,True,7,Saturday,27,2023-07
2023-07-09,190,July,True,7,Sunday,27,2023-07
2023-07-10,191,July,False,7,Monday,28,2023-07
2023-07-11,192,July,False,7,Tuesday,28,2023-07
2023-07-12,193,July,False,7,Wednesday,28,2023-07
2023-07-13,194,July,False,7,Thursday,28,2023-07
2023-07-14,195,July,False,7,Friday,28,2023-07
2023-07-15,196,July,True,7,Saturday,28,2023-07
2023-07-16,197,July,True,7,Sunday,28,2023-07
2023-07-17,198,July,False,7,Monday,29,2023-07
2023-07-18,199,July,False,7,Tuesday,29,2023-07
2023-07-19,200,July,False,7,Wednesday,29,2023-07
2023-07-20,201,July,False,7,Thursday,29,2023-07
2023-07-21,202,July,False,7,Friday,29,2023-07
2023-07-22,203,July,True,7,Saturday,29,2023-07
2023-07-23,204,July,True,7,Sunday,29,2023-07
2023-07-24,205,July,False,7,Monday,30,2023-07
2023-07-25,206,July,False,7,Tuesday,30,2023-07
2023-07-26,207,July,False,7,Wednesday,30,2023-07
2023-07-27,208,July,False,7,Thursday,30,2023-07
2023-07-28,209,July,False,7,Friday,30,2023-07
2023-07-29,210,July,True,7,Saturday,30,2023-07
2023-07-30,211,July,True,7,Sunday,30,2023-07
2023-07-31,212,July,False,7,Monday,31,2023-07
2023-08-01,213,August,False,8,Tuesday,31,2023-08
2023-08-02,214,August,False,8,Wednesday,31,2023-08
2023-08-03,215,August,False,8,Thursday,31,2023-08
2023-08-04,216,August,False,8,Friday,31,2023-08
2023-08-05,217,August,True,8,Saturday,31,2023-08
2023-08-06,218,August,True,8,Sunday,31,2023-08
2023-08-07,219,August,False,8,Monday,32,2023-08
2023-08-08,220,August,False,8,Tuesday,32,2023-08
2023-08-09,221,August,False,8,Wednesday,32,2023-08
2023-08-10,222,August,False,8,Thursday,32,2023-08
2023-08-11,223,August,False,8,Friday,32,2023-08
2023-08-12,224,August,True,8,Saturday,32,2023-08
2023-08-13,225,August,True,8,Sunday,32,2023-08
2023-08-14,226,August,False,8,Monday,33,2023-08
2023-08-15,227,August,False,8,Tuesday,33,2023-08
2023-08-16,228,August,False,8,Wednesday,33,2023-08
2023-08-17,229,August,False,8,Thursday,33,2023-08
2023-08-18,230,August,False,8,Friday,33,2023-08
2023-08-19,231,August,True,8,Saturday,33,2023-08
2023-08-20,232,August,True,8,Sunday,33,2023-08
2023-08-21,233,August,False,8,Monday,34,2023-08
2023-08-22,234,August,False,8,Tuesday,34,2023-08
2023-08-23,235,August,False,8,Wednesday,34,2023-08
2023-08-24,236,August,False,8,Thursday,34,2023-08
2023-08-25,237,August,False,8,Friday,34,2023-08
2023-08-26,238,August,True,8,Saturday,34,2023-08
2023-08-27,239,August,True,8,Sunday,34,2023-08
2023-08-28,240,August,False,8,Monday,35,2023-08
2023-08-29,241,August,False,8,Tuesday,35,2023-08
2023-08-30,242,August,False,8,Wednesday,35,2023-08
2023-08-31,243,August,False,8,Thursday,35,2023-08
2023-09-01,244,September,False,9,Friday,35,2023-09
2023-09-02,245,September,True,9,Saturday,35,2023-09
2023-09-03,246,September,True,9,Sunday,35,2023-09
2023-09-04,247,September,False,9,Monday,36,2023-09
2023-09-05,248,September,False,9,Tuesday,36,2023-09
2023-09-06,249,September,False,9,Wednesday,36,2023-09
2023-09-07,250,September,False,9,Thursday,36,2023-09
2023-09-08,251,September,False,9,Friday,36,2023-09
2023-09-09,252,September,True,9,Saturday,36,2023-09
2023-09-10,253,September,True,9,Sunday,36,2023-09
2023-09-11,254,September,False,9,Monday,37,2023-09
2023-09-12,255,September,False,9,Tuesday,37,2023-09
2023-09-13,256,September,False,9,Wednesday,37,2023-09
2023-09-14,257,September,False,9,Thursday,37,2023-09
2023-09-15,258,September,False,9,Friday,37,2023-09
2023-09-16,259,September,True,9,Saturday,37,2023-09
2023-09-17,260,September,True,9,Sunday,37,2023-09
2023-09-18,261,September,False,9,Monday,38,2023-09
2023-09-19,262,September,False,9,Tuesday,38,2023-09
2023-09-20,263,September,False,9,Wednesday,38,2023-09
2023-09-21,264,September,False,9,Thursday,38,2023-09
2023-09-22,265,September,False,9,Friday,38,2023-09
2023-09-23,266,September,True,9,Saturday,38,2023-09
2023-09-24,267,September,True,9,Sunday,38,2023-09
2023-09-25,268,September,False,9,Monday,39,2023-09
2023-09-26,269,September,False,9,Tuesday,39,2023-09
2023-09-27,270,September,False,9,Wednesday,39,2023-09
2023-09-28,271,September,False,9,Thursday,39,2023-09
2023-09-29,272,September,False,9,Friday,39,2023-09
2023-09-30,273,September,True,9,Saturday,39,2023-09
2023-10-01,274,October,True,10,Sunday,39,2023-10
2023-10-02,275,October,False,10,Monday,40,2023-10
2023-10-03,276,October,False,10,Tuesday,40,2023-10
2023-10-04,277,October,False,10,Wednesday,40,2023-10
2023-10-05,278,October,False,10,Thursday,40,2023-10
2023-10-06,279,October,False,10,Friday,40,2023-10
2023-10-07,280,October,True,10,Saturday,40,2023-10
2023-10-08,281,October,True,10,Sunday,40,2023-10
2023-10-09,282,October,False,10,Monday,41,2023-10
2023-10-10,283,October,False,10,Tuesday,41,2023-10
2023-10-11,284,October,False,10,Wednesday,41,2023-10
2023-10-12,285,October,False,10,Thursday,41,2023-10
2023-10-13,286,October,False,10,Friday,41,2023-10
2023-10-14,287,October,True,10,Saturday,41,2023-10
2023-10-15,288,October,True,10,Sunday,41,2023-10
2023-10-16,289,October,False,10,Monday,42,2023-10
2023-10-17,290,October,False,10,Tuesday,42,2023-10
2023-10-18,291,October,False,10,Wednesday,42,2023-10
2023-10-19,292,October,False,10,Thursday,42,2023-10
2023-10-20,293,October,False,10,Friday,42,2023-10
2023-10-21,294,October,True,10,Saturday,42,2023-10
2023-10-22,295,October,True,10,Sunday,42,2023-10
2023-10-23,296,October,False,10,Monday,43,2023-10
2023-10-24,297,October,False,10,Tuesday,43,2023-10
2023-10-25,298,October,False,10,Wednesday,43,2023-10
2023-10-26,299,October,False,10,Thursday,43,2023-10
2023-10-27,300,October,False,10,Friday,43,2023-10
2023-10-28,301,October,True,10,Saturday,43,2023-10
2023-10-29,302,October,True,10,Sunday,43,2023-10
2023-10-30,303,October,False,10,Monday,44,2023-10
2023-10-31,304,October,False,10,Tuesday,44,2023-10
2023-11-01,305,November,False,11,Wednesday,44,2023-11
2023-11-02,306,November,False,11,Thursday,44,2023-11
2023-11-03,307,November,False,11,Friday,44,2023-11
2023-11-04,308,November,True,11,Saturday,44,2023-11
2023-11-05,309,November,True,11,Sunday,44,2023-11
2023-11-06,310,November,False,11,Monday,45,2023-11
2023-11-07,311,November,False,11,Tuesday,45,2023-11
2023-11-08,312,November,False,11,Wednesday,45,2023-11
2023-11-09,313,November,False,11,Thursday,45,2023-11
2023-11-10,314,November,False,11,Friday,45,2023-11
2023-11-11,315,November,True,11,Saturday,45,2023-11
2023-11-12,316,November,True,11,Sunday,45,2023-11
2023-11-13,317,November,False,11,Monday,46,2023-11
2023-11-14,318,November,False,11,Tuesday,46,2023-11
2023-11-15,319,November,False,11,Wednesday,46,2023-11
2023-11-16,320,November,False,11,Thursday,46,2023-11
2023-11-17,321,November,False,11,Friday,46,2023-11
2023-11-18,322,November,True,11,Saturday,46,2023-11
2023-11-19,323,November,True,11,Sunday,46,2023-11
2023-11-20,324,November,False,11,Monday,47,2023-11
2023-11-21,325,November,False,11,Tuesday,47,2023-11
2023-11-22,326,November,False,11,Wednesday,47,2023-11
2023-11-23,327,November,False,11,Thursday,47,2023-11
2023-11-24,328,November,False,11,Friday,47,2023-11
2023-11-25,329,November,True,11,Saturday,47,2023-11
2023-11-26,330,November,True,11,Sunday,47,2023-11
2023-11-27,331,November,False,11,Monday,48,2023-11
2023-11-28,332,November,False,11,Tuesday,48,2023-11
2023-11-29,333,November,False,11,Wednesday,48,2023-11
2023-11-30,334,November,False,11,Thursday,48,2023-11
2023-12-01,335,December,False,12,Friday,48,2023-12
2023-12-02,336,December,True,12,Saturday,48,2023-12
2023-12-03,337,December,True,12,Sunday,48,2023-12
2023-12-04,338,December,False,12,Monday,49,2023-12
2023-12-05,339,December,False,12,Tuesday,49,2023-12
2023-12-06,340,December,False,12,Wednesday,49,2023-12
2023-12-07,341,December,False,12,Thursday,49,2023-12
2023-12-08,342,December,False,12,Friday,49,2023-12
2023-12-09,343,December,True,12,Saturday,49,2023-12
2023-12-10,344,December,True,12,Sunday,49,2023-12
2023-12-11,345,December,False,12,Monday,50,2023-12
2023-12-12,346,December,False,12,Tuesday,50,2023-12
2023-12-13,347,December,False,12,Wednesday,50,2023-12
2023-12-14,348,December,False,12,Thursday,50,2023-12
2023-12-15,349,December,False,12,Friday,50,2023-12
2023-12-16,350,December,True,12,Saturday,50,2023-12
2023-12-17,351,December,True,12,Sunday,50,2023-12
2023-12-18,352,December,False,12,Monday,51,2023-12
2023-12-19,353,December,False,12,Tuesday,51,2023-12
2023-12-20,354,December,False,12,Wednesday,51,2023-12
2023-12-21,355,December,False,12,Thursday,51,2023-12
2023-12-22,356,December,False,12,Friday,51,2023-12
2023-12-23,357,December,True,12,Saturday,51,2023-12
2023-12-24,358,December,True,12,Sunday,51,2023-12
2023-12-25,359,December,False,12,Monday,52,2023-12
2023-12-26,360,December,False,12,Tuesday,52,2023-12
2023-12-27,361,December,False,12,Wednesday,52,2023-12
2023-12-28,362,December,False,12,Thursday,52,2023-12
2023-12-29,363,December,False,12,Friday,52,2023-12
2023-12-30,364,December,True,12,Saturday,52,2023-12
2023-12-31,365,December,True,12,Sunday,52,2023-12
2024-01-01,1,January,False,1,Monday,1,2024-01
2024-01-02,2,January,False,1,Tuesday,1,2024-01
2024-01-03,3,January,False,1,Wednesday,1,2024-01
2024-01-04,4,January,False,1,Thursday,1,2024-01
2024-01-05,5,January,False,1,Friday,1,2024-01
2024-01-06,6,January,True,1,Saturday,1,2024-01
2024-01-07,7,January,True,1,Sunday,1,2024-01
2024-01-08,8,January,False,1,Monday,2,2024-01
2024-01-09,9,January,False,1,Tuesday,2,2024-01
2024-01-10,10,January,False,1,Wednesday,2,2024-01
2024-01-11,11,January,False,1,Thursday,2,2024-01
2024-01-12,12,January,False,1,Friday,2,2024-01
2024-01-13,13,January,True,1,Saturday,2,2024-01
2024-01-14,14,January,True,1,Sunday,2,2024-01
2024-01-15,15,January,False,1,Monday,3,2024-01
2024-01-16,16,January,False,1,Tuesday,3,2024-01
2024-01-17,17,January,False,1,Wednesday,3,2024-01
2024-01-18,18,January,False,1,Thursday,3,2024-01
2024-01-19,19,January,False,1,Friday,3,2024-01
2024-01-20,20,January,True,1,Saturday,3,2024-01
2024-01-21,21,January,True,1,Sunday,3,2024-01
2024-01-22,22,January,False,1,Monday,4,2024-01
2024-01-23,23,January,False,1,Tuesday,4,2024-01
2024-01-24,24,January,False,1,Wednesday,4,2024-01
2024-01-25,25,January,False,1,Thursday,4,2024-01
2024-01-26,26,January,False,1,Friday,4,2024-01
2024-01-27,27,January,True,1,Saturday,4,2024-01
2024-01-28,28,January,True,1,Sunday,4,2024-01
2024-01-29,29,January,False,1,Monday,5,2024-01
2024-01-30,30,January,False,1,Tuesday,5,2024-01
2024-01-31,31,January,False,1,Wednesday,5,2024-01
2024-02-01,32,February,False,2,Thursday,5,2024-02
2024-02-02,33,February,False,2,Friday,5,2024-02
2024-02-03,34,February,True,2,Saturday,5,2024-02
2024-02-04,35,February,True,2,Sunday,5,2024-02
2024-02-05,36,February,False,2,Monday,6,2024-02
2024-02-06,37,February,False,2,Tuesday,6,2024-02
2024-02-07,38,February,False,2,Wednesday,6,2024-02
2024-02-08,39,February,False,2,Thursday,6,2024-02
2024-02-09,40,February,False,2,Friday,6,2024-02
2024-02-10,41,February,True,2,Saturday,6,2024-02
2024-02-11,42,February,True,2,Sunday,6,2024-02
2024-02-12,43,February,False,2,Monday,7,2024-02
2024-02-13,44,February,False,2,Tuesday,7,2024-02
2024-02-14,45,February,False,2,Wednesday,7,2024-02
2024-02-15,46,February,False,2,Thursday,7,2024-02
2024-02-16,47,February,False,2,Friday,7,2024-02
2024-02-17,48,February,True,2,Saturday,7,2024-02
2024-02-18,49,February,True,2,Sunday,7,2024-02
2024-02-19,50,February,False,2,Monday,8,2024-02
2024-02-20,51,February,False,2,Tuesday,8,2024-02
2024-02-21,52,February,False,2,Wednesday,8,2024-02
2024-02-22,53,February,False,2,Thursday,8,2024-02
2024-02-23,54,February,False,2,Friday,8,2024-02
2024-02-24,55,February,True,2,Saturday,8,2024-02
2024-02-25,56,February,True,2,Sunday,8,2024-02
2024-02-26,57,February,False,2,Monday,9,2024-02
2024-02-27,58,February,False,2,Tuesday,9,2024-02
2024-02-28,59,February,False,2,Wednesday,9,2024-02
2024-02-29,60,February,False,2,Thursday,9,2024-02
2024-03-01,61,March,False,3,Friday,9,2024-03
2024-03-02,62,March,True,3,Saturday,9,2024-03
2024-03-03,63,March,True,3,Sunday,9,2024-03
2024-03-04,64,March,False,3,Monday,10,2024-03
2024-03-05,65,March,False,3,Tuesday,10,2024-03
2024-03-06,66,March,False,3,Wednesday,10,2024-03
2024-03-07,67,March,False,3,Thursday,10,2024-03
2024-03-08,68,March,False,3,Friday,10,2024-03
2024-03-09,69,March,True,3,Saturday,10,2024-03
2024-03-10,70,March,True,3,Sunday,10,2024-03
2024-03-11,71,March,False,3,Monday,11,2024-03
2024-03-12,72,March,False,3,Tuesday,11,2024-03
2024-03-13,73,March,False,3,Wednesday,11,2024-03
2024-03-14,74,March,False,3,Thursday,11,2024-03
2024-03-15,75,March,False,3,Friday,11,2024-03
2024-03-16,76,March,True,3,Saturday,11,2024-03
2024-03-17,77,March,True,3,Sunday,11,2024-03
2024-03-18,78,March,False,3,Monday,12,2024-03
2024-03-19,79,March,False,3,Tuesday,12,2024-03
2024-03-20,80,March,False,3,Wednesday,12,2024-03
2024-03-21,81,March,False,3,Thursday,12,2024-03
2024-03-22,82,March,False,3,Friday,12,2024-03
2024-03-23,83,March,True,3,Saturday,12,2024-03
2024-03-24,84,March,True,3,Sunday,12,2024-03
2024-03-25,85,March,False,3,Monday,13,2024-03
2024-03-26,86,March,False,3,Tuesday,13,2024-03
2024-03-27,87,March,False,3,Wednesday,13,2024-03
2024-03-28,88,March,False,3,Thursday,13,2024-03
2024-03-29,89,March,False,3,Friday,13,2024-03
2024-03-30,90,March,True,3,Saturday,13,2024-03
2024-03-31,91,March,True,3,Sunday,13,2024-03
2024-04-01,92,April,False,4,Monday,14,2024-04
2024-04-02,93,April,False,4,Tuesday,14,2024-04
2024-04-03,94,April,False,4,Wednesday,14,2024-04
2024-04-04,95,April,False,4,Thursday,14,2024-04
2024-04-05,96,April,False,4,Friday,14,2024-04
2024-04-06,97,April,True,4,Saturday,14,2024-04
2024-04-07,98,April,True,4,Sunday,14,2024-04
2024-04-08,99,April,False,4,Monday,15,2024-04
2024-04-09,100,April,False,4,Tuesday,15,2024-04
2024-04-10,101,April,False,4,Wednesday,15,2024-04
2024-04-11,102,April,False,4,Thursday,15,2024-04
2024-04-12,103,April,False,4,Friday,15,2024-04
2024-04-13,104,April,True,4,Saturday,15,2024-04
2024-04-14,105,April,True,4,Sunday,15,2024-04
2024-04-15,106,April,False,4,Monday,16,2024-04
2024-04-16,107,April,False,4,Tuesday,16,2024-04
2024-04-17,108,April,False,4,Wednesday,16,2024-04
2024-04-18,109,April,False,4,Thursday,16,2024-04
2024-04-19,110,April,False,4,Friday,16,2024-04
2024-04-20,111,April,True,4,Saturday,16,2024-04
2024-04-21,112,April,True,4,Sunday,16,2024-04
2024-04-22,113,April,False,4,Monday,17,2024-04
2024-04-23,114,April,False,4,Tuesday,17,2024-04
2024-04-24,115,April,False,4,Wednesday,17,2024-04
2024-04-25,116,April,False,4,Thursday,17,2024-04
2024-04-26,117,April,False,4,Friday,17,2024-04
2024-04-27,118,April,True,4,Saturday,17,2024-04
2024-04-28,119,April,True,4,Sunday,17,2024-04
2024-04-29,120,April,False,4,Monday,18,2024-04
2024-04-30,121,April,False,4,Tuesday,18,2024-04
2024-05-01,122,May,False,5,Wednesday,18,2024-05
2024-05-02,123,May,False,5,Thursday,18,2024-05
2024-05-03,124,May,False,5,Friday,18,2024-05
2024-05-04,125,May,True,5,Saturday,18,2024-05
2024-05-05,126,May,True,5,Sunday,18,2024-05
2024-05-06,127,May,False,5,Monday,19,2024-05
2024-05-07,128,May,False,5,Tuesday,19,2024-05
2024-05-08,129,May,False,5,Wednesday,19,2024-05
2024-05-09,130,May,False,5,Thursday,19,2024-05
2024-05-10,131,May,False,5,Friday,19,2024-05
2024-05-11,132,May,True,5,Saturday,19,2024-05
2024-05-12,133,May,True,5,Sunday,19,2024-05
2024-05-13,134,May,False,5,Monday,20,2024-05
2024-05-14,135,May,False,5,Tuesday,20,2024-05
2024-05-15,136,May,False,5,Wednesday,20,2024-05
2024-05-16,137,May,False,5,Thursday,20,2024-05
2024-05-17,138,May,False,5,Friday,20,2024-05
2024-05-18,139,May,True,5,Saturday,20,2024-05
2024-05-19,140,May,True,5,Sunday,20,2024-05
2024-05-20,141,May,False,5,Monday,21,2024-05
2024-05-21,142,May,False,5,Tuesday,21,2024-05
2024-05-22,143,May,False,5,Wednesday,21,2024-05
2024-05-23,144,May,False,5,Thursday,21,2024-05
2024-05-24,145,May,False,5,Friday,21,2024-05
2024-05-25,146,May,True,5,Saturday,21,2024-05
2024-05-26,147,May,True,5,Sunday,21,2024-05
2024-05-27,148,May,False,5,Monday,22,2024-05
2024-05-28,149,May,False,5,Tuesday,22,2024-05
2024-05-29,150,May,False,5,Wednesday,22,2024-05
2024-05-30,151,May,False,5,Thursday,22,2024-05
2024-05-31,152,May,False,5,Friday,22,2024-05
2024-06-01,153,June,True,6,Saturday,22,2024-06
2024-06-02,154,June,True,6,Sunday,22,2024-06
2024-06-03,155,June,False,6,Monday,23,2024-06
2024-06-04,156,June,False,6,Tuesday,23,2024-06
2024-06-05,157,June,False,6,Wednesday,23,2024-06
2024-06-06,158,June,False,6,Thursday,23,2024-06
2024-06-07,159,June,False,6,Friday,23,2024-06
2024-06-08,160,June,True,6,Saturday,23,2024-06
2024-06-09,161,June,True,6,Sunday,23,2024-06
2024-06-10,162,June,False,6,Monday,24,2024-06
2024-06-11,163,June,False,6,Tuesday,24,2024-06
2024-06-12,164,June,False,6,Wednesday,24,2024-06
2024-06-13,165,June,False,6,Thursday,24,2024-06
2024-06-14,166,June,False,6,Friday,24,2024-06
2024-06-15,167,June,True,6,Saturday,24,2024-06
2024-06-16,168,June,True,6,Sunday,24,2024-06
2024-06-17,169,June,False,6,Monday,25,2024-06
2024-06-18,170,June,False,6,Tuesday,25,2024-06
