Product Name,Product Category,Product Subcategory,Subcategory Key
iPhone 13,Electronics,Console,1
Samsung Galaxy S21,Electronics,Smartphone,2
Sony WH-1000XM4,Electronics,Camera,3
Dell XPS 13,Electronics,Camera,4
MacBook Pro,Electronics,Camera,5
Nike Air Max,Electronics,Laptop,6
Adidas Ultraboost,Electronics,Camera,7
Levi's 501 Jeans,Electronics,Headphones,8
Ray-Ban Sunglasses,Electronics,Console,9
Casio G-Shock,Electronics,Smartphone,10
Canon EOS R5,Electronics,Smartphone,11
LG OLED TV,Electronics,Console,12
Dyson V11,Electronics,Headphones,13
Bose QC35 II,Electronics,Laptop,14
Nest Thermostat,Electronics,Smartphone,15
IKEA Billy Bookcase,Electronics,Laptop,16
Herman Miller Aeron Chair,Electronics,Laptop,17
Samsung Refrigerator,Electronics,Smartphone,18
Instant Pot,Electronics,Laptop,19
Keurig Coffee Maker,Electronics,Console,20
Nespresso Vertuo,Electronics,Camera,21
KitchenAid Stand Mixer,Electronics,Smartphone,22
NutriBullet Blender,Electronics,Camera,23
Cuisinart Air Fryer,Electronics,Smartphone,24
Sony PlayStation 5,Electronics,Headphones,25
Xbox Series X,Electronics,Camera,26
Nintendo Switch,Electronics,Smartphone,27
Fitbit Charge 4,Electronics,Laptop,28
Apple Watch Series 7,Electronics,Camera,29
Garmin Forerunner 945,Electronics,Camera,30
Google Pixel 6,Electronics,Camera,31
HP Spectre x360,Electronics,Smartphone,32
Microsoft Surface Pro,Electronics,Laptop,33
Oculus Quest 2,Electronics,Laptop,34
Roku Streaming Stick,Electronics,Laptop,35
Amazon Echo Dot,Electronics,Smartphone,36
Philips Hue Smart Bulbs,Electronics,Headphones,37
Ring Doorbell,Electronics,Console,38
Logitech MX Master 3,Electronics,Camera,39
Jabra Elite 85t,Electronics,Camera,40
Anker PowerCore,Electronics,Headphones,41
GoPro HERO9,Electronics,Console,42
DJI Mavic Air 2,Electronics,Headphones,43
Tile Mate,Electronics,Smartphone,44
AirPods Pro,Electronics,Smartphone,45
Sonos One,Electronics,Console,46
Ninja Foodi,Electronics,Smartphone,47
Eufy RoboVac,Electronics,Console,48
Samsung QLED TV,Electronics,Laptop,49
iPhone 13,Clothing,Watch,50
Samsung Galaxy S21,Clothing,Footwear,51
Sony WH-1000XM4,Clothing,Jeans,52
Dell XPS 13,Clothing,Sunglasses,53
MacBook Pro,Clothing,Sunglasses,54
Nike Air Max,Clothing,Watch,55
Adidas Ultraboost,Clothing,Footwear,56
Levi's 501 Jeans,Clothing,Jeans,57
Ray-Ban Sunglasses,Clothing,Jeans,58
Casio G-Shock,Clothing,Watch,59
Canon EOS R5,Clothing,Jeans,60
LG OLED TV,Clothing,Jeans,61
Dyson V11,Clothing,Watch,62
Bose QC35 II,Clothing,Sunglasses,63
Nest Thermostat,Clothing,Watch,64
IKEA Billy Bookcase,Clothing,Watch,65
Herman Miller Aeron Chair,Clothing,Sunglasses,66
Samsung Refrigerator,Clothing,Sunglasses,67
Instant Pot,Clothing,Watch,68
Keurig Coffee Maker,Clothing,Footwear,69
Nespresso Vertuo,Clothing,Sunglasses,70
KitchenAid Stand Mixer,Clothing,Watch,71
NutriBullet Blender,Clothing,Jeans,72
Cuisinart Air Fryer,Clothing,Footwear,73
Sony PlayStation 5,Clothing,Jeans,74
Xbox Series X,Clothing,Sunglasses,75
Nintendo Switch,Clothing,Footwear,76
Fitbit Charge 4,Clothing,Watch,77
Apple Watch Series 7,Clothing,Footwear,78
Garmin Forerunner 945,Clothing,Sunglasses,79
Google Pixel 6,Clothing,Footwear,80
HP Spectre x360,Clothing,Watch,81
Microsoft Surface Pro,Clothing,Watch,82
Oculus Quest 2,Clothing,Footwear,83
Roku Streaming Stick,Clothing,Watch,84
Amazon Echo Dot,Clothing,Footwear,85
Philips Hue Smart Bulbs,Clothing,Footwear,86
Ring Doorbell,Clothing,Footwear,87
Logitech MX Master 3,Clothing,Footwear,88
Jabra Elite 85t,Clothing,Sunglasses,89
Anker PowerCore,Clothing,Watch,90
GoPro HERO9,Clothing,Footwear,91
DJI Mavic Air 2,Clothing,Watch,92
Tile Mate,Clothing,Sunglasses,93
AirPods Pro,Clothing,Watch,94
Sonos One,Clothing,Watch,95
Ninja Foodi,Clothing,Jeans,96
Eufy RoboVac,Clothing,Jeans,97
Samsung QLED TV,Clothing,Jeans,98
iPhone 13,Home,Furniture,99
Samsung Galaxy S21,Home,Appliance,100
Sony WH-1000XM4,Home,Appliance,101
Dell XPS 13,Home,Appliance,102
MacBook Pro,Home,Furniture,103
Nike Air Max,Home,Appliance,104
Adidas Ultraboost,Home,Kitchen,105
Levi's 501 Jeans,Home,Furniture,106
Ray-Ban Sunglasses,Home,Appliance,107
Casio G-Shock,Home,Kitchen,108
Canon EOS R5,Home,Furniture,109
LG OLED TV,Home,Kitchen,110
Dyson V11,Home,Furniture,111
Bose QC35 II,Home,Appliance,112
Nest Thermostat,Home,Kitchen,113
IKEA Billy Bookcase,Home,Kitchen,114
Herman Miller Aeron Chair,Home,Appliance,115
Samsung Refrigerator,Home,Furniture,116
Instant Pot,Home,Appliance,117
Keurig Coffee Maker,Home,Appliance,118
Nespresso Vertuo,Home,Furniture,119
KitchenAid Stand Mixer,Home,Kitchen,120
NutriBullet Blender,Home,Kitchen,121
Cuisinart Air Fryer,Home,Kitchen,122
Sony PlayStation 5,Home,Kitchen,123
Xbox Series X,Home,Appliance,124
Nintendo Switch,Home,Kitchen,125
Fitbit Charge 4,Home,Kitchen,126
Apple Watch Series 7,Home,Kitchen,127
Garmin Forerunner 945,Home,Kitchen,128
Google Pixel 6,Home,Kitchen,129
HP Spectre x360,Home,Furniture,130
Microsoft Surface Pro,Home,Appliance,131
Oculus Quest 2,Home,Kitchen,132
Roku Streaming Stick,Home,Kitchen,133
Amazon Echo Dot,Home,Appliance,134
Philips Hue Smart Bulbs,Home,Kitchen,135
Ring Doorbell,Home,Appliance,136
Logitech MX Master 3,Home,Furniture,137
Jabra Elite 85t,Home,Kitchen,138
Anker PowerCore,Home,Kitchen,139
GoPro HERO9,Home,Furniture,140
DJI Mavic Air 2,Home,Kitchen,141
Tile Mate,Home,Furniture,142
AirPods Pro,Home,Furniture,143
Sonos One,Home,Kitchen,144
Ninja Foodi,Home,Furniture,145
Eufy RoboVac,Home,Kitchen,146
Samsung QLED TV,Home,Kitchen,147
iPhone 13,Accessories,Audio,148
Samsung Galaxy S21,Accessories,Drone,149
Sony WH-1000XM4,Accessories,Wearable,150
Dell XPS 13,Accessories,Wearable,151
MacBook Pro,Accessories,Wearable,152
Nike Air Max,Accessories,Smart Home,153
Adidas Ultraboost,Accessories,Audio,154
Levi's 501 Jeans,Accessories,Wearable,155
Ray-Ban Sunglasses,Accessories,Smart Home,156
Casio G-Shock,Accessories,Audio,157
Canon EOS R5,Accessories,Drone,158
LG OLED TV,Accessories,Audio,159
Dyson V11,Accessories,Audio,160
Bose QC35 II,Accessories,Drone,161
Nest Thermostat,Accessories,Smart Home,162
IKEA Billy Bookcase,Accessories,Wearable,163
Herman Miller Aeron Chair,Accessories,Wearable,164
Samsung Refrigerator,Accessories,Wearable,165
Instant Pot,Accessories,Drone,166
Keurig Coffee Maker,Accessories,Drone,167
Nespresso Vertuo,Accessories,Wearable,168
KitchenAid Stand Mixer,Accessories,Audio,169
NutriBullet Blender,Accessories,Audio,170
Cuisinart Air Fryer,Accessories,Wearable,171
Sony PlayStation 5,Accessories,Wearable,172
Xbox Series X,Accessories,Drone,173
Nintendo Switch,Accessories,Wearable,174
Fitbit Charge 4,Accessories,Smart Home,175
Apple Watch Series 7,Accessories,Audio,176
Garmin Forerunner 945,Accessories,Wearable,177
Google Pixel 6,Accessories,Wearable,178
HP Spectre x360,Accessories,Drone,179
Microsoft Surface Pro,Accessories,Smart Home,180
Oculus Quest 2,Accessories,Drone,181
Roku Streaming Stick,Accessories,Wearable,182
Amazon Echo Dot,Accessories,Audio,183
Philips Hue Smart Bulbs,Accessories,Smart Home,184
Ring Doorbell,Accessories,Smart Home,185
Logitech MX Master 3,Accessories,Smart Home,186
Jabra Elite 85t,Accessories,Drone,187
Anker PowerCore,Accessories,Wearable,188
GoPro HERO9,Accessories,Wearable,189
DJI Mavic Air 2,Accessories,Wearable,190
Tile Mate,Accessories,Smart Home,191
AirPods Pro,Accessories,Smart Home,192
Sonos One,Accessories,Audio,193
Ninja Foodi,Accessories,Smart Home,194
Eufy RoboVac,Accessories,Wearable,195
Samsung QLED TV,Accessories,Wearable,196
